{"stats":{"minecraft:picked_up":{"minecraft:stick":99,"minecraft:crafting_table":1,"minecraft:sweet_berries":12,"minecraft:andesite":6,"minecraft:torch":9,"minecraft:dandelion":1,"minecraft:porkchop":7,"minecraft:spruce_sapling":170,"minecraft:diorite":1,"minecraft:spruce_log":404,"minecraft:dirt":1027,"minecraft:wheat_seeds":109,"minecraft:poppy":9,"minecraft:cobblestone":8},"minecraft:used":{"minecraft:wooden_axe":8,"minecraft:diorite":1,"minecraft:netherite_shovel":1594,"minecraft:cobblestone_stairs":154,"minecraft:grass_block":2032,"minecraft:netherite_axe":72,"minecraft:torch":3,"minecraft:dirt":283,"minecraft:cobblestone":98,"minecraft:crafting_table":1,"minecraft:netherite_pickaxe":15,"minecraft:campfire":1,"minecraft:spruce_log":413},"minecraft:custom":{"minecraft:time_since_rest":98624,"minecraft:sprint_one_cm":208367,"minecraft:damage_taken":590,"minecraft:walk_one_cm":368678,"minecraft:mob_kills":3,"minecraft:damage_dealt":300,"minecraft:interact_with_crafting_table":1,"minecraft:fly_one_cm":456104,"minecraft:open_chest":1,"minecraft:crouch_one_cm":38054,"minecraft:play_one_minute":98624,"minecraft:sneak_time":6587,"minecraft:jump":1629,"minecraft:leave_game":3,"minecraft:walk_on_water_one_cm":264,"minecraft:time_since_death":98624,"minecraft:fall_one_cm":42570},"minecraft:mined":{"minecraft:large_fern":2,"minecraft:spruce_log":416,"minecraft:andesite":6,"minecraft:grass_path":55,"minecraft:crafting_table":1,"minecraft:torch":2,"minecraft:grass_block":540,"minecraft:poppy":3,"minecraft:dirt":439,"minecraft:spruce_leaves":17,"minecraft:stone":8,"minecraft:diorite":1,"minecraft:wall_torch":1,"minecraft:fern":4},"minecraft:crafted":{"minecraft:crafting_table":1,"minecraft:spruce_planks":12,"minecraft:stick":4,"minecraft:wooden_axe":1},"minecraft:killed":{"minecraft:pig":3}},"DataVersion":2586}