{"stats":{"minecraft:custom":{"minecraft:time_since_rest":195654,"minecraft:sprint_one_cm":309148,"minecraft:damage_taken":610,"minecraft:walk_one_cm":650395,"minecraft:mob_kills":3,"minecraft:damage_dealt":300,"minecraft:interact_with_crafting_table":1,"minecraft:fly_one_cm":868551,"minecraft:open_chest":1,"minecraft:crouch_one_cm":55065,"minecraft:play_one_minute":195654,"minecraft:sneak_time":10004,"minecraft:jump":2158,"minecraft:leave_game":4,"minecraft:walk_on_water_one_cm":264,"minecraft:time_since_death":195654,"minecraft:fall_one_cm":43948},"minecraft:crafted":{"minecraft:crafting_table":1,"minecraft:spruce_planks":12,"minecraft:stick":4,"minecraft:wooden_axe":1},"minecraft:used":{"minecraft:wooden_axe":8,"minecraft:diorite":1,"minecraft:netherite_shovel":1825,"minecraft:cobblestone_stairs":197,"minecraft:lantern":72,"minecraft:grass_block":3776,"minecraft:netherite_axe":99,"minecraft:spruce_sapling":7,"minecraft:torch":7,"minecraft:dirt":299,"minecraft:cobblestone":148,"minecraft:crafting_table":1,"minecraft:cobblestone_wall":73,"minecraft:netherite_pickaxe":15,"minecraft:campfire":4,"minecraft:spruce_log":541,"minecraft:bone_meal":5},"minecraft:mined":{"minecraft:large_fern":3,"minecraft:sweet_berry_bush":2,"minecraft:spruce_log":540,"minecraft:andesite":6,"minecraft:spruce_trapdoor":1,"minecraft:grass_path":55,"minecraft:crafting_table":1,"minecraft:torch":2,"minecraft:grass_block":540,"minecraft:poppy":3,"minecraft:dirt":439,"minecraft:spruce_leaves":21,"minecraft:stone":8,"minecraft:diorite":1,"minecraft:wall_torch":1,"minecraft:fern":5},"minecraft:killed":{"minecraft:pig":3},"minecraft:picked_up":{"minecraft:stick":140,"minecraft:crafting_table":1,"minecraft:sweet_berries":287,"minecraft:andesite":6,"minecraft:torch":11,"minecraft:dandelion":3,"minecraft:porkchop":7,"minecraft:spruce_sapling":228,"minecraft:diorite":1,"minecraft:spruce_log":526,"minecraft:lantern":4,"minecraft:dirt":1027,"minecraft:wheat_seeds":328,"minecraft:poppy":11,"minecraft:spruce_trapdoor":1,"minecraft:cobblestone":8}},"DataVersion":2586}