{"stats":{"minecraft:custom":{"minecraft:time_since_rest":12909,"minecraft:crouch_one_cm":58,"minecraft:play_one_minute":12909,"minecraft:sprint_one_cm":38076,"minecraft:damage_taken":90,"minecraft:walk_one_cm":18345,"minecraft:sneak_time":12,"minecraft:mob_kills":2,"minecraft:jump":289,"minecraft:leave_game":1,"minecraft:damage_dealt":200,"minecraft:walk_on_water_one_cm":264,"minecraft:time_since_death":12909,"minecraft:fall_one_cm":10904,"minecraft:interact_with_crafting_table":1,"minecraft:fly_one_cm":54431},"minecraft:crafted":{"minecraft:crafting_table":1,"minecraft:spruce_planks":12,"minecraft:stick":4,"minecraft:wooden_axe":1},"minecraft:killed":{"minecraft:pig":2},"minecraft:mined":{"minecraft:grass_block":62,"minecraft:poppy":1,"minecraft:dirt":8,"minecraft:spruce_leaves":2,"minecraft:spruce_log":133,"minecraft:grass_path":5,"minecraft:crafting_table":1},"minecraft:picked_up":{"minecraft:stick":21,"minecraft:crafting_table":1,"minecraft:porkchop":4,"minecraft:spruce_sapling":39,"minecraft:poppy":2,"minecraft:spruce_log":127,"minecraft:dirt":75},"minecraft:used":{"minecraft:wooden_axe":8,"minecraft:dirt":1,"minecraft:netherite_shovel":87,"minecraft:crafting_table":1,"minecraft:netherite_axe":16,"minecraft:spruce_log":130}},"DataVersion":2586}