{"stats":{"minecraft:crafted":{"minecraft:crafting_table":1,"minecraft:spruce_planks":12,"minecraft:stick":4,"minecraft:wooden_axe":1},"minecraft:mined":{"minecraft:large_fern":1,"minecraft:spruce_log":253,"minecraft:andesite":6,"minecraft:grass_path":55,"minecraft:crafting_table":1,"minecraft:torch":2,"minecraft:grass_block":537,"minecraft:poppy":3,"minecraft:dirt":436,"minecraft:spruce_leaves":14,"minecraft:stone":8,"minecraft:diorite":1,"minecraft:wall_torch":1,"minecraft:fern":4},"minecraft:picked_up":{"minecraft:stick":46,"minecraft:crafting_table":1,"minecraft:sweet_berries":5,"minecraft:andesite":6,"minecraft:torch":3,"minecraft:porkchop":4,"minecraft:spruce_sapling":82,"minecraft:diorite":1,"minecraft:spruce_log":242,"minecraft:dirt":1021,"minecraft:wheat_seeds":108,"minecraft:poppy":7,"minecraft:cobblestone":8},"minecraft:custom":{"minecraft:time_since_rest":49208,"minecraft:sprint_one_cm":136249,"minecraft:damage_taken":570,"minecraft:walk_one_cm":118068,"minecraft:mob_kills":2,"minecraft:damage_dealt":200,"minecraft:interact_with_crafting_table":1,"minecraft:fly_one_cm":201427,"minecraft:crouch_one_cm":2144,"minecraft:play_one_minute":49208,"minecraft:sneak_time":516,"minecraft:jump":1119,"minecraft:leave_game":2,"minecraft:walk_on_water_one_cm":264,"minecraft:time_since_death":49208,"minecraft:fall_one_cm":39820},"minecraft:killed":{"minecraft:pig":2},"minecraft:used":{"minecraft:wooden_axe":8,"minecraft:diorite":1,"minecraft:netherite_shovel":1176,"minecraft:cobblestone_stairs":68,"minecraft:grass_block":61,"minecraft:netherite_axe":44,"minecraft:torch":3,"minecraft:dirt":281,"minecraft:crafting_table":1,"minecraft:netherite_pickaxe":15,"minecraft:spruce_log":250}},"DataVersion":2586}