{"stats":{"minecraft:mined":{"minecraft:large_fern":5,"minecraft:sweet_berry_bush":2,"minecraft:spruce_log":716,"minecraft:andesite":6,"minecraft:grass_path":55,"minecraft:crafting_table":1,"minecraft:spruce_trapdoor":1,"minecraft:torch":2,"minecraft:grass_block":540,"minecraft:poppy":3,"minecraft:dirt":439,"minecraft:spruce_leaves":28,"minecraft:stone":8,"minecraft:diorite":1,"minecraft:wall_torch":1,"minecraft:fern":5},"minecraft:used":{"minecraft:wooden_axe":8,"minecraft:diorite":1,"minecraft:netherite_shovel":2098,"minecraft:cobblestone_stairs":240,"minecraft:lantern":92,"minecraft:grass_block":5200,"minecraft:netherite_axe":132,"minecraft:mossy_cobblestone_slab":12,"minecraft:mossy_stone_brick_stairs":3,"minecraft:spruce_sapling":10,"minecraft:stone_brick_stairs":7,"minecraft:torch":7,"minecraft:dirt":299,"minecraft:cobblestone":172,"minecraft:sweet_berries":3,"minecraft:crafting_table":1,"minecraft:cobblestone_wall":108,"minecraft:netherite_pickaxe":15,"minecraft:campfire":4,"minecraft:spruce_log":717,"minecraft:bone_meal":5,"minecraft:pumpkin":11},"minecraft:picked_up":{"minecraft:stick":168,"minecraft:crafting_table":1,"minecraft:sweet_berries":297,"minecraft:andesite":6,"minecraft:torch":12,"minecraft:dandelion":3,"minecraft:porkchop":7,"minecraft:spruce_sapling":308,"minecraft:diorite":1,"minecraft:spruce_log":701,"minecraft:lantern":6,"minecraft:dirt":1027,"minecraft:wheat_seeds":328,"minecraft:poppy":12,"minecraft:spruce_trapdoor":1,"minecraft:cobblestone":8},"minecraft:killed":{"minecraft:pig":3},"minecraft:custom":{"minecraft:time_since_rest":248082,"minecraft:sprint_one_cm":375355,"minecraft:damage_taken":620,"minecraft:walk_one_cm":828490,"minecraft:mob_kills":3,"minecraft:damage_dealt":300,"minecraft:interact_with_crafting_table":1,"minecraft:fly_one_cm":1217634,"minecraft:open_chest":1,"minecraft:crouch_one_cm":82821,"minecraft:play_one_minute":248082,"minecraft:sneak_time":14726,"minecraft:jump":2599,"minecraft:leave_game":5,"minecraft:time_since_death":248082,"minecraft:walk_on_water_one_cm":264,"minecraft:fall_one_cm":44575},"minecraft:crafted":{"minecraft:crafting_table":1,"minecraft:spruce_planks":12,"minecraft:stick":4,"minecraft:wooden_axe":1}},"DataVersion":2586}