{"stats":{"minecraft:picked_up":{"minecraft:stick":111,"minecraft:crafting_table":1,"minecraft:sweet_berries":282,"minecraft:andesite":6,"minecraft:torch":10,"minecraft:dandelion":3,"minecraft:porkchop":7,"minecraft:spruce_sapling":186,"minecraft:diorite":1,"minecraft:spruce_log":457,"minecraft:lantern":2,"minecraft:dirt":1027,"minecraft:wheat_seeds":325,"minecraft:poppy":11,"minecraft:cobblestone":8},"minecraft:killed":{"minecraft:pig":3},"minecraft:used":{"minecraft:wooden_axe":8,"minecraft:diorite":1,"minecraft:netherite_shovel":1770,"minecraft:cobblestone_stairs":196,"minecraft:lantern":59,"minecraft:grass_block":3377,"minecraft:netherite_axe":84,"minecraft:spruce_sapling":7,"minecraft:torch":7,"minecraft:dirt":294,"minecraft:cobblestone":138,"minecraft:crafting_table":1,"minecraft:cobblestone_wall":52,"minecraft:netherite_pickaxe":15,"minecraft:campfire":2,"minecraft:spruce_log":468,"minecraft:bone_meal":5},"minecraft:custom":{"minecraft:time_since_rest":173933,"minecraft:sprint_one_cm":282462,"minecraft:damage_taken":610,"minecraft:walk_one_cm":573448,"minecraft:mob_kills":3,"minecraft:damage_dealt":300,"minecraft:interact_with_crafting_table":1,"minecraft:fly_one_cm":719802,"minecraft:open_chest":1,"minecraft:crouch_one_cm":46759,"minecraft:play_one_minute":173933,"minecraft:sneak_time":8394,"minecraft:jump":1976,"minecraft:leave_game":4,"minecraft:walk_on_water_one_cm":264,"minecraft:time_since_death":173933,"minecraft:fall_one_cm":43321},"minecraft:mined":{"minecraft:large_fern":2,"minecraft:sweet_berry_bush":2,"minecraft:spruce_log":471,"minecraft:andesite":6,"minecraft:grass_path":55,"minecraft:crafting_table":1,"minecraft:torch":2,"minecraft:grass_block":540,"minecraft:poppy":3,"minecraft:dirt":439,"minecraft:spruce_leaves":17,"minecraft:stone":8,"minecraft:diorite":1,"minecraft:wall_torch":1,"minecraft:fern":5},"minecraft:crafted":{"minecraft:crafting_table":1,"minecraft:spruce_planks":12,"minecraft:stick":4,"minecraft:wooden_axe":1}},"DataVersion":2586}