{"stats":{"minecraft:custom":{"minecraft:time_since_rest":11807,"minecraft:play_one_minute":11807,"minecraft:sprint_one_cm":35771,"minecraft:damage_taken":90,"minecraft:walk_one_cm":16352,"minecraft:mob_kills":2,"minecraft:jump":274,"minecraft:damage_dealt":200,"minecraft:walk_on_water_one_cm":264,"minecraft:time_since_death":11807,"minecraft:fall_one_cm":10695,"minecraft:interact_with_crafting_table":1,"minecraft:fly_one_cm":51890},"minecraft:crafted":{"minecraft:crafting_table":1,"minecraft:spruce_planks":12,"minecraft:stick":4,"minecraft:wooden_axe":1},"minecraft:killed":{"minecraft:pig":2},"minecraft:mined":{"minecraft:grass_block":62,"minecraft:poppy":1,"minecraft:dirt":8,"minecraft:spruce_leaves":2,"minecraft:spruce_log":133,"minecraft:grass_path":5,"minecraft:crafting_table":1},"minecraft:picked_up":{"minecraft:stick":21,"minecraft:crafting_table":1,"minecraft:porkchop":4,"minecraft:spruce_sapling":39,"minecraft:poppy":2,"minecraft:spruce_log":127,"minecraft:dirt":74},"minecraft:used":{"minecraft:wooden_axe":8,"minecraft:netherite_shovel":77,"minecraft:crafting_table":1,"minecraft:netherite_axe":16,"minecraft:spruce_log":130}},"DataVersion":2586}