{"stats":{"minecraft:custom":{"minecraft:time_since_rest":183654,"minecraft:sprint_one_cm":291491,"minecraft:damage_taken":610,"minecraft:walk_one_cm":606803,"minecraft:mob_kills":3,"minecraft:damage_dealt":300,"minecraft:interact_with_crafting_table":1,"minecraft:fly_one_cm":793552,"minecraft:open_chest":1,"minecraft:crouch_one_cm":47102,"minecraft:play_one_minute":183654,"minecraft:sneak_time":8497,"minecraft:jump":2037,"minecraft:leave_game":4,"minecraft:walk_on_water_one_cm":264,"minecraft:time_since_death":183654,"minecraft:fall_one_cm":43321},"minecraft:crafted":{"minecraft:crafting_table":1,"minecraft:spruce_planks":12,"minecraft:stick":4,"minecraft:wooden_axe":1},"minecraft:used":{"minecraft:wooden_axe":8,"minecraft:diorite":1,"minecraft:netherite_shovel":1787,"minecraft:cobblestone_stairs":197,"minecraft:lantern":69,"minecraft:grass_block":3440,"minecraft:netherite_axe":88,"minecraft:spruce_sapling":7,"minecraft:torch":7,"minecraft:dirt":294,"minecraft:cobblestone":147,"minecraft:crafting_table":1,"minecraft:cobblestone_wall":71,"minecraft:netherite_pickaxe":15,"minecraft:campfire":2,"minecraft:spruce_log":485,"minecraft:bone_meal":5},"minecraft:mined":{"minecraft:large_fern":2,"minecraft:sweet_berry_bush":2,"minecraft:spruce_log":485,"minecraft:andesite":6,"minecraft:grass_path":55,"minecraft:crafting_table":1,"minecraft:torch":2,"minecraft:grass_block":540,"minecraft:poppy":3,"minecraft:dirt":439,"minecraft:spruce_leaves":20,"minecraft:stone":8,"minecraft:diorite":1,"minecraft:wall_torch":1,"minecraft:fern":5},"minecraft:killed":{"minecraft:pig":3},"minecraft:picked_up":{"minecraft:stick":113,"minecraft:crafting_table":1,"minecraft:sweet_berries":282,"minecraft:andesite":6,"minecraft:torch":10,"minecraft:dandelion":3,"minecraft:porkchop":7,"minecraft:spruce_sapling":190,"minecraft:diorite":1,"minecraft:spruce_log":468,"minecraft:lantern":2,"minecraft:dirt":1027,"minecraft:wheat_seeds":328,"minecraft:poppy":11,"minecraft:cobblestone":8}},"DataVersion":2586}